{"loss": [16007.7421875, 14917.4423828125, 14686.78125, 14581.5400390625, 14504.029296875, 14467.5927734375, 14400.166015625, 14378.41796875, 14313.4521484375, 14270.8251953125, 14337.9228515625, 14283.4072265625, 14286.6865234375, 14260.693359375, 14255.7060546875, 14276.3857421875, 14208.0400390625, 14262.8369140625, 14274.1513671875, 14213.5908203125, 14206.669921875, 14207.990234375, 14298.0107421875, 14202.3662109375, 14202.419921875, 14273.150390625, 14199.4951171875, 14323.9580078125, 14230.1552734375, 14182.876953125, 14227.9912109375, 14249.1337890625, 14245.3037109375, 14194.4814453125, 14146.9306640625, 14205.783203125, 14164.7509765625, 14174.62109375, 14211.15234375, 14196.8515625, 14209.3525390625, 14172.2119140625, 14223.181640625, 14200.5009765625, 14229.9931640625, 14149.4541015625, 14236.1982421875, 14130.9775390625, 14206.029296875, 14231.892578125, 14186.7431640625, 14203.1796875, 14201.892578125, 14211.01953125, 14166.3046875, 14231.314453125, 14161.2255859375, 14244.9736328125, 14212.333984375, 14232.3095703125, 14225.4560546875, 14211.8603515625, 14220.107421875, 14217.4052734375, 14175.349609375, 14170.4296875, 14224.1025390625, 14219.560546875, 14209.560546875, 14143.970703125, 14211.9951171875, 14134.6884765625, 14155.5810546875, 14190.41796875, 14224.0068359375, 14211.896484375, 14204.5126953125, 14221.490234375, 14188.5166015625, 14176.0654296875, 14216.87890625, 14143.0751953125, 14187.6259765625, 14269.74609375, 14173.1044921875, 14176.3271484375, 14241.4775390625, 14179.4228515625, 14193.2197265625, 14215.619140625, 14178.5625, 14229.009765625, 14199.33984375, 14172.7705078125, 14281.6396484375, 14203.3271484375, 14146.6416015625, 14165.6279296875, 14196.9814453125, 14207.0810546875], "reshape_box_loss": [16006.0673828125, 14917.26171875, 14686.6318359375, 14581.412109375, 14503.875, 14467.4453125, 14400.04296875, 14378.3017578125, 14313.3173828125, 14270.67578125, 14337.802734375, 14283.2958984375, 14286.587890625, 14260.568359375, 14255.5830078125, 14276.2626953125, 14207.9052734375, 14262.724609375, 14274.0654296875, 14213.4892578125, 14206.5693359375, 14207.876953125, 14297.9130859375, 14202.26953125, 14202.3369140625, 14273.0849609375, 14199.4267578125, 14323.884765625, 14230.091796875, 14182.8154296875, 14227.9375, 14249.080078125, 14245.259765625, 14194.4453125, 14146.8974609375, 14205.7529296875, 14164.71484375, 14174.59765625, 14211.1376953125, 14196.837890625, 14209.337890625, 14172.2001953125, 14223.1689453125, 14200.490234375, 14229.9833984375, 14149.4404296875, 14236.189453125, 14130.966796875, 14206.015625, 14231.8857421875, 14186.732421875, 14203.1728515625, 14201.8818359375, 14211.0078125, 14166.294921875, 14231.302734375, 14161.2158203125, 14244.962890625, 14212.32421875, 14232.2978515625, 14225.447265625, 14211.849609375, 14220.0947265625, 14217.39453125, 14175.3388671875, 14170.4189453125, 14224.09375, 14219.548828125, 14209.5498046875, 14143.9619140625, 14211.984375, 14134.6787109375, 14155.572265625, 14190.408203125, 14223.994140625, 14211.884765625, 14204.5, 14221.4794921875, 14188.5068359375, 14176.0537109375, 14216.8681640625, 14143.0634765625, 14187.6123046875, 14269.732421875, 14173.091796875, 14176.314453125, 14241.4638671875, 14179.4111328125, 14193.2099609375, 14215.6083984375, 14178.548828125, 14228.9990234375, 14199.330078125, 14172.755859375, 14281.62890625, 14203.31640625, 14146.6298828125, 14165.6171875, 14196.9697265625, 14207.0693359375], "class_output_loss": [1.6735436916351318, 0.17976129055023193, 0.14995184540748596, 0.12499882280826569, 0.1552157700061798, 0.1466868668794632, 0.12218941003084183, 0.11549488455057144, 0.1330215036869049, 0.1484239101409912, 0.12028942257165909, 0.1113707572221756, 0.09883829951286316, 0.1268177479505539, 0.12239304929971695, 0.12188567966222763, 0.13066621124744415, 0.10863277316093445, 0.08877692371606827, 0.10360519587993622, 0.10000137984752655, 0.11049968749284744, 0.09804464876651764, 0.09437999129295349, 0.08534611016511917, 0.06724195927381516, 0.06672268360853195, 0.07245203852653503, 0.06317352503538132, 0.0614602193236351, 0.05507906898856163, 0.05548838526010513, 0.04507554695010185, 0.036828529089689255, 0.03737848997116089, 0.02975907176733017, 0.034014083445072174, 0.027018044143915176, 0.0173658337444067, 0.014131477102637291, 0.013616972602903843, 0.012064388021826744, 0.010762235149741173, 0.011332248337566853, 0.011275515891611576, 0.010926071554422379, 0.010998008772730827, 0.009776785038411617, 0.010975717566907406, 0.010940402746200562, 0.011822232976555824, 0.0109922019764781, 0.01041297148913145, 0.011360040865838528, 0.011328750289976597, 0.011394627392292023, 0.011546446941792965, 0.010347832925617695, 0.010726830922067165, 0.010575352236628532, 0.010434681549668312, 0.011477770283818245, 0.011727448552846909, 0.010905558243393898, 0.010821389965713024, 0.010617656633257866, 0.010723738931119442, 0.00977250188589096, 0.010013732127845287, 0.010939828120172024, 0.010851127095520496, 0.011492179706692696, 0.010305425152182579, 0.010618605650961399, 0.011544771492481232, 0.01117571722716093, 0.011671570129692554, 0.010258397087454796, 0.01107629295438528, 0.01131568755954504, 0.010854104533791542, 0.010270691476762295, 0.010498079471290112, 0.010464179329574108, 0.011274467222392559, 0.011316427029669285, 0.010734586976468563, 0.011998888105154037, 0.011391992680728436, 0.010562004521489143, 0.011593003757297993, 0.011380033567547798, 0.011251143179833889, 0.011460884474217892, 0.011105107143521309, 0.01067185029387474, 0.01183507964015007, 0.01176608819514513, 0.010688775219023228, 0.010750355198979378], "class_output_accuracy": [0.92425936460495, 0.9922906756401062, 0.9931938052177429, 0.9946988224983215, 0.9940968155860901, 0.9965049624443054, 0.9980101585388184, 0.9980100393295288, 0.9965050220489502, 0.9986121654510498, 0.9971070289611816, 0.9968059659004211, 0.9983111023902893, 0.9974082112312317, 0.9971071481704712, 0.9971070289611816, 0.9977090358734131, 0.9975225329399109, 0.9983111023902893, 0.9965231418609619, 0.9971070289611816, 0.9956019520759583, 0.997407853603363, 0.9980102777481079, 0.9971069693565369, 0.9986121654510498, 0.9956019520759583, 0.9977090954780579, 0.9977091550827026, 0.9974080324172974, 0.9980100393295288, 0.9983111023902893, 0.9980100393295288, 0.9974080920219421, 0.9983109831809998, 0.9980101585388184, 0.9977091550827026, 0.9989132285118103, 0.9977089762687683, 0.9986122250556946, 0.9989131093025208, 0.9989132285118103, 0.9989131093025208, 0.9989132285118103, 0.9989131093025208, 0.9989132285118103, 0.9989132285118103, 0.9989132881164551, 0.9989132285118103, 0.9989131093025208, 0.9989132881164551, 0.9989132881164551, 0.9989132881164551, 0.9989131093025208, 0.9989131093025208, 0.9989132285118103, 0.9989131093025208, 0.9989131093025208, 0.9989131093025208, 0.9989133477210999, 0.9989131093025208, 0.9989132285118103, 0.9989131093025208, 0.9989131093025208, 0.9989132285118103, 0.9989132285118103, 0.9989131093025208, 0.998913049697876, 0.9989133477210999, 0.9989132285118103, 0.9989132881164551, 0.9989132881164551, 0.9989132881164551, 0.998913049697876, 0.9989132881164551, 0.9989133477210999, 0.9989133477210999, 0.9989132285118103, 0.9989132285118103, 0.9989133477210999, 0.9989132285118103, 0.9989132881164551, 0.9989132285118103, 0.9989132881164551, 0.9989131093025208, 0.9989131093025208, 0.9989132285118103, 0.998913049697876, 0.9989132285118103, 0.998913049697876, 0.9989131093025208, 0.9989131093025208, 0.9989131093025208, 0.9989131093025208, 0.9989132285118103, 0.9989132881164551, 0.9989132285118103, 0.9989132285118103, 0.9989132285118103, 0.9989132881164551],