{
    "loss": null,
    "accuracy": 0.0,
    "mAP": 0.0001516318880021572,
    "mAP@50": 0.0003032637760043144,
    "mAP@75": 0.0,
    "predictions": [
        